ID,OffensiveYardarge,Down,ToGo,TotalToGo,Formation,EPA,ScramblerStrength,BlockerStrength,DefenderStrength
2,7,2,4,69,3-4,0.426005,0.04024106073619201,0.03986718748264072,0.02969075780742726
57,2,3,1,31,4-3,0.90544500000000006,0.01625963808332278,0.0361047542210841,0.014508362137631962
66,8,3,7,43,0-0,1.529729,0.04024106073619201,0.03986718748264072,0.02612628009527837
104,13,1,10,37,3-4,0.732962,0.04024106073619201,0.03986718748264072,0.021543134954627445
131,6,2,9,74,3-4,0.076428,0.03732296859373035,0.03967516837635983,0.01793740484296605
159,3,3,6,71,0-0,-0.953115,0.03732296859373035,0.03967516837635983,0.01502437433045204
169,6,1,10,58,4-3,0.217168,0.0190038838273121,0.04132343770290404,0.024704899548479983
231,7,1,10,75,4-3,0.587494,0.0190038838273121,0.04132343770290404,0.03417051084274285
260,2,1,10,55,3-4,-0.256052,0.030967027012518366,0.03549909671984428,0.010808375445007434
278,2,1,10,42,3-4,-0.321738,0.030967027012518366,0.03549909671984428,0.03620308728750982
338,4,2,8,73,3-4,-0.183887,0.030967027012518366,0.03549909671984428,0.03938038032045957
409,8,1,10,76,4-3,0.904786,0.007066130927046504,0.042331760004245836,0.02236719569163445
415,12,2,8,45,4-3,1.142114,0.007066130927046504,0.042331760004245836,0.029448794097901694
416,3,1,10,33,4-3,-0.175229,0.007066130927046504,0.042331760004245836,0.029448794097901694
442,8,3,9,67,4-3,-0.208434,0.033768230363296674,0.03717675303231835,0.00826076762996901
454,1,1,10,64,4-3,-0.406513,0.033768230363296674,0.03717675303231835,0.018597398211487093
466,3,3,2,70,4-3,0.843285,0.033768230363296674,0.03717675303231835,0.016346333501152922
468,3,2,2,59,4-3,-0.06351,0.033768230363296674,0.03717675303231835,0.010420201844240438
513,5,3,5,40,0-0,1.341538,0.03796216075595333,0.03446802007773319,0.04295659064405559
542,6,3,8,73,0-0,-0.671385,0.03796216075595333,0.03446802007773319,0.04295659064405559
560,6,3,5,70,0-0,1.337844,0.023141448544722432,0.04219553610623163,0.023512464330371085
585,23,1,10,52,4-3,1.398429,0.03796216075595333,0.03446802007773319,0.028222858783144757
623,9,1,10,55,0-0,0.61186,0.03796216075595333,0.03446802007773319,0.028499403396040533
644,11,2,2,67,4-3,0.231801,0.046262635908784364,0.05799156209254766,0.00581561027438877
647,16,3,15,61,4-3,3.058514,0.046262635908784364,0.05799156209254766,0.0034289276807980052
657,3,1,20,69,4-3,-0.322399,0.046262635908784364,0.05799156209254766,0.0055374112263577874
659,10,3,6,55,4-3,1.560375,0.046262635908784364,0.05799156209254766,0.0034289276807980052
701,10,2,14,68,4-3,0.486379,0.046262635908784364,0.05799156209254766,0.0034289276807980052
730,6,1,10,49,4-3,0.164452,0.046262635908784364,0.05799156209254766,0.0031587826190266543
780,2,3,1,48,4-3,0.400713,0.011854745019880705,0.03659961964607415,0.016353721665872758
906,10,2,10,69,4-3,1.027323,0.011854745019880705,0.03659961964607415,0.02827139049352993
967,2,3,12,46,3-4,-1.084919,0.02520849962944511,0.029556172413161892,0.02580585566845192
1096,8,3,8,73,0-0,1.645999,0.020395248825219717,0.05300431051629475,0.016023695020676198
1175,3,1,10,33,3-4,-0.175229,0.005826642007296648,0.031765010644784576,0.03134144633182485
1243,8,1,10,65,4-3,0.727584,0.005826642007296648,0.031765010644784576,0.021109189326428048
1265,3,1,10,78,4-3,-0.299223,0.005826642007296648,0.031765010644784576,0.01916368166911336
1296,2,3,3,71,4-3,-1.10139,0.034504702145227065,0.03653071949347159,0.024682449733446146
1347,11,1,10,78,0-0,0.646588,0.034504702145227065,0.03653071949347159,0.0282386237147964
1394,4,1,10,26,3-4,-0.095901,0.034504702145227065,0.03653071949347159,0.021080692173812313
1410,1,2,1,66,3-4,-0.362535,0.0656582180798903,0.040371172852227945,0.03561358975508155
1420,10,2,11,76,3-4,0.761653,0.009620583780923406,0.034712080305243136,0.014727854322445342
1489,4,1,10,36,3-4,-0.11954,0.0656582180798903,0.040371172852227945,0.014158502873675396
1530,14,3,9,78,4-3,2.132069,0.009620583780923406,0.034712080305243136,0.021953974240788987
1531,5,1,10,64,3-4,0.147551,0.009620583780923406,0.034712080305243136,0.021953974240788987
1944,2,1,10,56,3-4,-0.23234,0.015147672864145013,0.03651305666637595,0.02854699104491681
1975,14,2,16,75,3-4,1.047244,0.03386908499876763,0.03974394314988115,0.011587438522229866
2259,13,2,9,74,4-3,1.385451,0.030967027012518366,0.03549909671984428,0.01935025700180697
2272,7,3,4,69,0-0,1.297407,0.013113629576540367,0.029233425629286713,0.028849416907874428
2340,4,1,10,75,4-3,-0.063134,0.030967027012518366,0.03549909671984428,0.01935025700180697
2378,21,1,10,75,4-3,1.167157,0.030967027012518366,0.03549909671984428,0.019358581874792086
2493,18,1,10,47,4-3,0.89006,0.005826642007296648,0.031765010644784576,0.008417258968963866
2644,2,2,7,72,4-3,-0.503911,0.03732296859373035,0.03967516837635983,0.03097404361105767
2760,2,4,1,31,3-4,2.008914,0.034504702145227065,0.03653071949347159,0.04240103768133652
2773,3,3,4,55,0-0,-0.672823,0.009871877969661443,0.036718727402598135,0.01505069265950312
2781,1,1,10,75,4-3,-0.517927,0.034504702145227065,0.03653071949347159,0.03211881941716351
2822,2,2,10,50,0-0,-0.609072,0.009871877969661443,0.036718727402598135,0.019192638402826683
2825,5,2,1,76,3-4,0.102677,0.034504702145227065,0.03653071949347159,0.023355493591146866
2826,2,1,10,71,4-3,-0.319564,0.034504702145227065,0.03653071949347159,0.03795193075190043
2845,5,3,7,38,3-4,-0.311609,0.034504702145227065,0.03653071949347159,0.029186396369906987
2867,11,3,6,60,4-3,1.625088,0.034504702145227065,0.03653071949347159,0.04063042999496165
2887,7,2,10,75,3-4,0.219162,0.023141448544722432,0.04219553610623163,0.031226034874241054
2923,4,1,10,61,3-4,-0.020287,0.02520849962944511,0.029556172413161892,0.033705086498324786
2982,5,3,2,62,3-4,0.964598,0.02520849962944511,0.029556172413161892,0.023238739888931527
2998,10,3,8,41,0-0,1.761396,0.0190038838273121,0.04132343770290404,0.02612628009527837
3049,4,2,10,56,0-0,-0.309418,0.0190038838273121,0.04132343770290404,0.02388148731981813
3252,2,1,10,54,3-4,-0.268651,0.03191924748466482,0.034528580581803595,0.026487548004599425
3513,9,2,15,61,3-4,0.366503,0.02954692254945959,0.037711463390559655,0.028712471762130466
3572,2,4,1,43,4-3,1.646021,0.009620583780923406,0.034712080305243136,0.022169731265728184
3704,10,3,9,54,0-0,1.831765,0.04024106073619201,0.03986718748264072,0.02432550071785071
3783,8,2,10,75,3-4,0.353086,0.02730564513909665,0.03466522418023544,0.02293567899342963
3794,5,3,4,48,3-4,1.173115,0.02730564513909665,0.03466522418023544,0.019812698162070597
3820,4,1,10,31,3-4,-0.031988,0.046262635908784364,0.05799156209254766,0.03357853045608564
3841,7,2,8,73,4-3,0.426266,0.035524105404837164,0.036317746271247967,0.013514861175749557
3891,4,3,10,26,3-4,-0.702108,0.046262635908784364,0.05799156209254766,0.0400206080743568
3930,13,1,10,48,3-4,0.590488,0.035524105404837164,0.036317746271247967,0.01366211959604597
4185,29,3,9,64,4-3,3.009306,0.007066130927046504,0.042331760004245836,0.01722471667856428
4228,7,3,4,76,4-3,1.409386,0.007066130927046504,0.042331760004245836,0.02488751113382523
4304,3,2,10,79,4-3,-0.315715,0.0656582180798903,0.040371172852227945,0.019755118083328266
4317,3,1,10,58,4-3,-0.112859,0.011854745019880705,0.03659961964607415,0.02665883094731101
4339,7,2,7,67,4-3,0.720293,0.0656582180798903,0.040371172852227945,0.027846709665011758
4363,6,2,5,42,4-3,0.459715,0.0656582180798903,0.040371172852227945,0.014819534188179164
4451,3,4,2,30,3-4,1.72299,0.04024106073619201,0.03986718748264072,0.0245389576078479
4510,11,1,10,37,3-4,0.635383,0.04024106073619201,0.03986718748264072,0.03031983932445552
4529,8,3,5,23,0-0,1.288632,0.04024106073619201,0.03986718748264072,0.02101477935481372
4621,5,1,10,54,3-4,0.011955,0.04642580956145555,0.03904400711263111,0.04167740949730993
4645,3,3,10,58,3-4,-0.909777,0.04642580956145555,0.03904400711263111,0.0400206080743568
4694,8,3,5,64,0-0,1.462564,0.020395248825219717,0.05300431051629475,0.02824899023256301
4707,4,2,16,26,3-4,-0.068998,0.02520849962944511,0.029556172413161892,0.02473374916108411
4713,1,2,5,54,3-4,-0.509078,0.02520849962944511,0.029556172413161892,0.02473374916108411
4772,8,3,9,25,0-0,-0.069247,0.02520849962944511,0.029556172413161892,0.02473374916108411
4779,15,1,10,25,3-4,0.712757,0.02520849962944511,0.029556172413161892,0.029925206505963517
5000,11,2,9,74,4-3,1.190054,0.02954692254945959,0.037711463390559655,0.028908153304785668
5095,2,2,3,68,4-3,-0.614121,0.005826642007296648,0.031765010644784576,0.013514861175749557
5141,4,1,10,63,4-3,-0.024822,0.046262635908784364,0.05799156209254766,0.011865152844796174
5318,7,3,6,71,3-4,1.595,0.043873864767647694,0.039822578434078174,0.019572916591597978
5349,4,3,3,24,0-0,0.913711,0.01625963808332278,0.0361047542210841,0.028845396758693402
5444,2,1,10,62,3-4,-0.28606,0.009620583780923406,0.034712080305243136,0.02612628009527837
5446,6,3,13,65,3-4,-0.613338,0.009620583780923406,0.034712080305243136,0.022474721682364345
5478,6,1,10,75,3-4,0.3279,0.0190038838273121,0.04132343770290404,0.01830240424322694
5493,2,2,7,38,3-4,-0.369389,0.0190038838273121,0.04132343770290404,0.01830240424322694
5784,6,3,7,72,3-4,-0.591113,0.015147672864145013,0.03651305666637595,0.023307443150193303
5797,12,3,6,36,4-3,1.751291,0.015147672864145013,0.03651305666637595,0.023307443150193303
5837,2,2,7,72,3-4,-0.503911,0.034504702145227065,0.03653071949347159,0.029048865156951577
5843,11,2,10,52,3-4,1.052669,0.034504702145227065,0.03653071949347159,0.03091325205964114
5876,13,2,7,71,4-3,1.115362,0.034504702145227065,0.03653071949347159,0.020571081334389847
5878,17,2,7,55,3-4,1.203971,0.034504702145227065,0.03653071949347159,0.020571081334389847
5923,4,2,4,26,3-4,0.346793,0.034504702145227065,0.03653071949347159,0.015285982227449537
5969,5,2,10,33,3-4,-0.098542,0.03796216075595333,0.03446802007773319,0.023828462571908987
5970,4,3,5,28,0-0,-0.231665,0.03796216075595333,0.03446802007773319,0.00869307766850871
6248,2,1,10,43,3-4,-0.306005,0.030967027012518366,0.03549909671984428,0.01793740484296605
6302,8,1,5,31,3-4,0.25267,0.04024106073619201,0.03986718748264072,0.027293058580808167
6311,10,3,9,55,3-4,1.869229,0.020395248825219717,0.05300431051629475,0.021647070015236334
6348,9,1,10,41,0-0,0.480046,0.04024106073619201,0.03986718748264072,0.031985387125643125
6360,20,1,10,72,3-4,1.10957,0.04024106073619201,0.03986718748264072,0.032883216239478374
6365,4,4,1,25,4-3,2.140921,0.04024106073619201,0.03986718748264072,0.03372318194614261
6385,5,3,6,71,3-4,-0.717002,0.020395248825219717,0.05300431051629475,0.028514688493334706
6396,5,2,13,71,3-4,-0.230679,0.020395248825219717,0.05300431051629475,0.016518386688119585
6400,7,1,15,31,4-3,0.045625,0.020395248825219717,0.05300431051629475,0.019088288869159822
6402,18,3,12,28,3-4,1.946667,0.020395248825219717,0.05300431051629475,0.023434721054742404
6410,7,1,10,52,3-4,0.327333,0.04024106073619201,0.03986718748264072,0.032883216239478374
6442,6,3,12,33,0-0,-0.534185,0.03191924748466482,0.034528580581803595,0.028848127351373872
6550,17,3,7,49,3-4,1.994658,0.03386908499876763,0.03974394314988115,0.010795887576295
6576,13,2,25,51,4-3,0.097154,0.03386908499876763,0.03974394314988115,0.008793640897895473
6658,1,2,10,27,0-0,-0.48682,0.04642580956145555,0.03904400711263111,0.021410243283687607
6796,9,3,6,28,4-3,1.414759,0.02730564513909665,0.03466522418023544,0.013523589361216578
6869,3,3,5,75,4-3,-1.04147,0.02730564513909665,0.03466522418023544,0.013523589361216578
6874,2,1,10,33,4-3,-0.302858,0.011854745019880705,0.03659961964607415,0.028908153304785668
6898,16,1,10,56,3-4,0.925475,0.007066130927046504,0.042331760004245836,0.009308128624227497
6909,21,1,10,21,4-3,1.784325,0.034504702145227065,0.03653071949347159,0.018294741085933673
6917,7,2,5,59,4-3,0.447463,0.034504702145227065,0.03653071949347159,0.018294741085933673
6923,11,3,6,76,0-0,1.694623,0.007066130927046504,0.042331760004245836,0.013190373575788809
6943,12,3,10,35,3-4,1.905816,0.007066130927046504,0.042331760004245836,0.0039070127846190465
6953,2,1,10,73,3-4,-0.322353,0.007066130927046504,0.042331760004245836,0.0109995524151127
6969,5,1,20,71,3-4,-0.244556,0.007066130927046504,0.042331760004245836,0.01531039345126537
6992,8,3,7,51,4-3,1.443695,0.034504702145227065,0.03653071949347159,0.01681989691978691
7022,4,1,10,56,4-3,-0.067537,0.046262635908784364,0.05799156209254766,0.013394956904818199
7140,1,3,4,46,4-3,-1.363525,0.023141448544722432,0.04219553610623163,0.011853977342424823
7146,9,2,14,40,3-4,0.349938,0.013113629576540367,0.029233425629286713,0.03752702285580617
7218,7,3,6,48,4-3,1.352334,0.023141448544722432,0.04219553610623163,0.011853977342424823
7231,6,3,13,45,3-4,-0.374793,0.013113629576540367,0.029233425629286713,0.03435590493564345
7239,3,1,10,64,4-3,-0.149181,0.023141448544722432,0.04219553610623163,0.01935025700180697
7300,9,2,12,46,4-3,0.319512,0.009620583780923406,0.034712080305243136,0.03597271252173496
7340,7,2,5,44,4-3,0.527966,0.009620583780923406,0.034712080305243136,0.03276526881606255
7428,1,2,10,69,0-0,-0.725628,0.02841837990600531,0.04269592179098982,0.020230151186828697
7521,7,2,7,60,3-4,0.612588,0.02954692254945959,0.037711463390559655,0.011300498244572554
7541,8,3,9,51,0-0,0.208624,0.015147672864145013,0.03651305666637595,0.008539346730574288
7556,20,1,10,41,0-0,1.339893,0.02954692254945959,0.037711463390559655,0.01174455017422264
7596,13,3,9,74,0-0,1.94887,0.015147672864145013,0.03651305666637595,0.021662320814088584
7602,9,3,6,71,0-0,1.711492,0.02954692254945959,0.037711463390559655,0.014756573630072635
7610,5,1,10,75,3-4,0.138211,0.015147672864145013,0.03651305666637595,0.025583758583297322
7645,7,3,2,59,3-4,1.001163,0.0656582180798903,0.040371172852227945,0.032459789714809034
7721,11,2,15,55,3-4,0.564932,0.0656582180798903,0.040371172852227945,0.03142921954827857
7756,4,1,10,45,4-3,-0.09939,0.01625963808332278,0.0361047542210841,0.033204244221813325
7798,3,3,2,67,3-4,0.990912,0.033768230363296674,0.03717675303231835,0.022527157183145213
7881,18,2,10,31,4-3,1.490302,0.015147672864145013,0.03651305666637595,0.024762944530582778
7900,6,1,10,66,4-3,0.310598,0.015147672864145013,0.03651305666637595,0.018343878720274612
8007,1,3,4,31,3-4,-0.910983,0.011854745019880705,0.03659961964607415,0.014639471230690933
8096,8,2,7,40,3-4,0.736797,0.034504702145227065,0.03653071949347159,0.028797595026411136
8149,16,1,10,34,3-4,1.057011,0.04024106073619201,0.03986718748264072,0.022271752235052362
8186,5,1,10,29,4-3,0.098955,0.04024106073619201,0.03986718748264072,0.03318354773848181
8205,21,3,4,55,4-3,1.935093,0.04024106073619201,0.03986718748264072,0.029090841325356425
8256,9,1,10,50,3-4,0.472813,0.030967027012518366,0.03549909671984428,0.0069216136054144825
8323,12,1,10,34,4-3,0.6919,0.043873864767647694,0.039822578434078174,0.004940657231527349
8364,20,3,9,43,0-0,2.626737,0.030967027012518366,0.03549909671984428,0.00164420774298509
8446,6,1,10,29,4-3,0.24957,0.04829315624473296,0.045690494697898404,0.019486831666186085
8549,7,3,5,70,3-4,1.392458,0.007066130927046504,0.042331760004245836,0.02801278866548924
8550,4,1,10,63,3-4,-0.024822,0.007066130927046504,0.042331760004245836,0.03263126638546034
8571,6,2,16,52,3-4,-0.28078,0.007066130927046504,0.042331760004245836,0.04205667890860322
8588,4,4,4,37,3-4,2.179286,0.007066130927046504,0.042331760004245836,0.02801278866548924
8631,5,3,6,60,0-0,-0.481967,0.04642580956145555,0.03904400711263111,0.02824899023256301
8641,3,1,10,32,3-4,-0.161301,0.04642580956145555,0.03904400711263111,0.031226034874241054
8661,5,1,10,70,4-3,0.111694,0.02520849962944511,0.029556172413161892,0.002108483545559782
8746,5,2,6,51,3-4,0.375566,0.03732296859373035,0.03967516837635983,0.021516907794014127
8789,13,2,10,28,3-4,1.179938,0.03386908499876763,0.03974394314988115,0.022798525308931908
8813,1,3,15,61,0-0,-0.642815,0.03386908499876763,0.03974394314988115,0.023883400532009536
9001,16,3,9,68,0-0,2.152373,0.0190038838273121,0.04132343770290404,0.035231684606271706
9038,8,1,10,68,3-4,0.608161,0.0190038838273121,0.04132343770290404,0.030039989388928757
9081,3,1,10,54,3-4,-0.202346,0.0190038838273121,0.04132343770290404,0.03142921954827857
9082,6,2,22,66,3-4,-1.223043,0.0190038838273121,0.04132343770290404,0.033449356056388456
9164,5,1,10,50,4-3,0.03208,0.005826642007296648,0.031765010644784576,0.022322291774015554
9206,1,3,6,71,0-0,-1.138471,0.02730564513909665,0.03466522418023544,0.02576434553294834
9216,8,2,5,47,0-0,0.622679,0.005826642007296648,0.031765010644784576,0.031119002633395926
9388,17,2,10,28,0-0,1.266813,0.046262635908784364,0.05799156209254766,0.019198742660131468
9428,13,1,10,46,0-0,0.589964,0.046262635908784364,0.05799156209254766,0.01925891458589122
9437,5,1,10,65,3-4,0.13977,0.009620583780923406,0.034712080305243136,0.011938329501527328
9622,4,3,15,51,0-0,-0.553007,0.020395248825219717,0.05300431051629475,0.03134995244049478
9693,1,1,10,45,3-4,-0.430851,0.020395248825219717,0.05300431051629475,0.022994758440699436
9734,4,1,10,43,3-4,-0.088568,0.0656582180798903,0.040371172852227945,0.014762185871178097
9735,16,2,6,39,4-3,1.391119,0.0656582180798903,0.040371172852227945,0.02632945016954144
9794,9,1,10,27,3-4,0.525431,0.0656582180798903,0.040371172852227945,0.03100961328017658
9821,3,2,9,51,4-3,-0.434328,0.02954692254945959,0.037711463390559655,0.023953377001185973
9838,8,1,10,75,4-3,0.880613,0.007066130927046504,0.042331760004245836,0.02576434553294834
9850,5,1,10,30,4-3,0.105825,0.007066130927046504,0.042331760004245836,0.028848127351373872
9894,4,2,10,75,0-0,-0.233507,0.007066130927046504,0.042331760004245836,0.027265334186590547
9895,11,3,6,71,0-0,1.7865,0.007066130927046504,0.042331760004245836,0.026648942874390028
9924,1,1,10,78,4-3,-0.570575,0.007066130927046504,0.042331760004245836,0.028848127351373872
9926,10,3,8,76,0-0,1.893433,0.007066130927046504,0.042331760004245836,0.026717768364786666
9935,5,1,10,75,3-4,0.145501,0.007066130927046504,0.042331760004245836,0.0249882323039278
9952,39,1,10,44,0-0,2.19155,0.007066130927046504,0.042331760004245836,0.02576434553294834
10000,15,3,12,61,4-3,2.784933,0.0190038838273121,0.04132343770290404,0.026294641761007567
10431,13,1,10,28,4-3,0.768614,0.04829315624473296,0.045690494697898404,0.027846709665011758
10455,9,3,7,62,0-0,1.60898,0.04686992018389902,0.048033463686989276,0.02398467517334527
10566,5,1,10,75,4-3,0.138211,0.03796216075595333,0.03446802007773319,0.021725481500842105
10692,13,1,15,65,3-4,0.870609,0.020395248825219717,0.05300431051629475,0.012609348498853992
10725,4,2,8,51,3-4,-0.200624,0.034504702145227065,0.03653071949347159,0.029419955675192958
10817,10,3,11,21,4-3,-0.024522,0.023141448544722432,0.04219553610623163,0.034653978445815296
11074,8,1,10,45,0-0,0.468745,0.03386908499876763,0.03974394314988115,0.02261320964806061
11094,24,1,10,46,3-4,1.475937,0.03386908499876763,0.03974394314988115,0.026957010370154227
11104,15,2,11,50,3-4,1.278109,0.009620583780923406,0.034712080305243136,0.014958306615329339
11120,9,3,6,39,0-0,-2.74327,0.009620583780923406,0.034712080305243136,0.021410243283687607
11154,15,1,10,70,0-0,0.764826,0.009620583780923406,0.034712080305243136,0.013517950716893237
11156,6,2,17,62,0-0,-0.664888,0.009620583780923406,0.034712080305243136,0.03087445511653825
11192,9,2,10,49,4-3,0.804673,0.04024106073619201,0.03986718748264072,0.02665883094731101
11207,6,1,10,63,3-4,0.237109,0.04024106073619201,0.03986718748264072,0.017518515835793697
11272,3,3,13,29,0-0,-0.574013,0.0656582180798903,0.040371172852227945,0.028510869763574455
11285,3,2,5,60,0-0,-0.195965,0.04024106073619201,0.03986718748264072,0.016337948549158335
11395,5,3,4,56,0-0,1.008509,0.046262635908784364,0.05799156209254766,0.02267304462442369
11453,4,2,8,45,3-4,-0.272027,0.043873864767647694,0.039822578434078174,0.012346492667484658
11464,1,1,10,71,3-4,-0.422501,0.015147672864145013,0.03651305666637595,0.014336847165784304
11519,9,2,10,60,3-4,0.8208,0.015147672864145013,0.03651305666637595,0.007813063123425458
11531,5,2,13,30,3-4,-0.188089,0.043873864767647694,0.039822578434078174,0.01925364267174723
11612,14,2,2,67,3-4,0.424192,0.03732296859373035,0.03967516837635983,0.03060405808377428
11682,6,3,5,55,3-4,1.277728,0.03732296859373035,0.03967516837635983,0.026757294841386316
11776,10,1,10,75,3-4,0.594008,0.030967027012518366,0.03549909671984428,0.029799288306014523
11800,7,3,12,44,0-0,-0.028912,0.030967027012518366,0.03549909671984428,0.029877140682281117
11925,4,1,10,75,3-4,-0.05709,0.0190038838273121,0.04132343770290404,0.02576836437664596
11987,11,3,14,77,0-0,-0.003481,0.0190038838273121,0.04132343770290404,0.03134995244049478
11998,2,2,9,60,3-4,-0.477208,0.0190038838273121,0.04132343770290404,0.022161862934753515
12012,1,2,6,50,4-3,-0.547719,0.0190038838273121,0.04132343770290404,0.006393909267044278
12096,4,3,12,54,0-0,-0.571788,0.04642580956145555,0.03904400711263111,0.0257181673150383
12145,14,3,3,56,3-4,1.446929,0.034504702145227065,0.03653071949347159,0.03468263199989525
12181,9,2,22,35,3-4,0.211916,0.034504702145227065,0.03653071949347159,0.019572916591597978
12243,1,1,10,79,3-4,-0.55858,0.034504702145227065,0.03653071949347159,0.03134144633182485
12247,24,2,10,64,4-3,1.844369,0.034504702145227065,0.03653071949347159,0.017725263149588867
12371,2,3,5,33,0-0,-0.713003,0.011854745019880705,0.03659961964607415,0.03391511643321802
12405,5,1,10,70,3-4,0.111694,0.005826642007296648,0.031765010644784576,0.029195952911548917
12519,4,1,10,73,3-4,-0.056741,0.013113629576540367,0.029233425629286713,0.012021210298061516
12539,6,3,7,49,4-3,-0.637666,0.015147672864145013,0.03651305666637595,0.011853977342424823
12559,18,3,8,73,0-0,2.142172,0.013113629576540367,0.029233425629286713,0.014319166958581726
12609,3,3,4,25,3-4,-0.780286,0.013113629576540367,0.029233425629286713,0.009318017547384205
12810,9,2,8,32,3-4,0.960024,0.03386908499876763,0.03974394314988115,0.007813063123425458
12842,4,1,10,75,3-4,-0.063134,0.043873864767647694,0.039822578434078174,0.029094839919213557
12848,4,1,10,71,3-4,-0.055913,0.043873864767647694,0.039822578434078174,0.028476257332222574
12869,14,3,4,21,3-4,1.273185,0.043873864767647694,0.039822578434078174,0.03087445511653825
12994,1,2,10,65,0-0,-0.826304,0.033768230363296674,0.03717675303231835,0.008931036279480546
13037,3,3,4,53,0-0,-0.57541,0.023141448544722432,0.04219553610623163,0.025125982665072703
13058,16,3,12,38,0-0,2.578233,0.023141448544722432,0.04219553610623163,0.030816075306120697
13064,4,2,5,48,3-4,0.225136,0.04686992018389902,0.048033463686989276,0.033705086498324786
13090,1,3,16,67,0-0,-0.498705,0.023141448544722432,0.04219553610623163,0.026353614051762335
13093,7,3,8,68,0-0,-0.728384,0.04686992018389902,0.048033463686989276,0.01844981587757098
13158,10,3,5,72,4-3,1.710476,0.02520849962944511,0.029556172413161892,0.011617618301317413
13162,8,2,9,45,4-3,0.569151,0.02520849962944511,0.029556172413161892,0.015334234273327241
13194,20,3,14,41,0-0,2.975509,0.007066130927046504,0.042331760004245836,0.01761350362889799
13360,6,2,7,21,4-3,0.257427,0.020395248825219717,0.05300431051629475,0.01801040942694883
13371,4,1,10,21,3-4,-0.038709,0.020395248825219717,0.05300431051629475,0.03005073742500771
13390,3,1,10,62,3-4,-0.139867,0.04829315624473296,0.045690494697898404,0.015358516123334654
13476,9,3,21,72,0-0,-0.376355,0.04829315624473296,0.045690494697898404,0.014639471230690933
13478,4,2,6,76,3-4,-0.015168,0.015147672864145013,0.03651305666637595,0.028913907235600087
13499,10,3,5,28,3-4,1.439338,0.015147672864145013,0.03651305666637595,0.019572916591597978
13568,20,2,10,62,0-0,1.646046,0.009871877969661443,0.036718727402598135,0.01721138921070929
13590,4,2,8,36,3-4,-0.030282,0.0190038838273121,0.04132343770290404,0.04240103768133652
13671,15,2,6,53,3-4,1.170896,0.007066130927046504,0.042331760004245836,0.028807488135791592
13674,14,3,4,32,3-4,1.514881,0.007066130927046504,0.042331760004245836,0.022040364222654686
13704,9,3,4,47,3-4,1.336698,0.007066130927046504,0.042331760004245836,0.03525830896473961
13846,18,3,6,47,4-3,2.022965,0.04686992018389902,0.048033463686989276,0.0036726131872729627
13854,3,1,15,79,3-4,-0.535391,0.04642580956145555,0.03904400711263111,0.02741031744752247
13882,1,2,2,67,3-4,-0.90724,0.035524105404837164,0.036317746271247967,0.01770014802051074
13907,8,2,10,49,3-4,0.390452,0.009620583780923406,0.034712080305243136,0.03405917762081606
13973,1,2,6,71,3-4,-0.673955,0.035524105404837164,0.036317746271247967,0.012837703150900399
14153,9,3,5,28,0-0,1.374431,0.02520849962944511,0.029556172413161892,0.012818068728055746
14174,12,1,19,75,4-3,0.509433,0.02520849962944511,0.029556172413161892,0.0259146881513972
14260,1,2,10,75,3-4,-0.527692,0.023141448544722432,0.04219553610623163,0.01578159164306022
14299,2,2,20,71,3-4,-0.695937,0.046262635908784364,0.05799156209254766,0.029090841325356425
14308,9,3,10,65,4-3,0.132427,0.023141448544722432,0.04219553610623163,0.019334916474777506
14314,3,1,10,21,4-3,-0.13341,0.023141448544722432,0.04219553610623163,0.013415578251554658
14360,8,2,4,53,3-4,0.718745,0.023141448544722432,0.04219553610623163,0.00850343522916322
14429,6,1,10,62,3-4,0.210158,0.02730564513909665,0.03466522418023544,0.020298938514427028
14438,3,3,17,66,0-0,-0.747997,0.0047349631703156175,0.02971657026358872,0.03472199869766331
14482,6,1,15,53,0-0,-0.096437,0.0047349631703156175,0.02971657026358872,0.030263876145354997
14528,9,3,14,70,4-3,-0.235785,0.005826642007296648,0.031765010644784576,0.016870768068752498
14539,5,2,6,63,4-3,0.259248,0.005826642007296648,0.031765010644784576,0.008368568925003546
14548,7,1,10,50,3-4,0.267905,0.011854745019880705,0.03659961964607415,0.0249882323039278
14552,2,2,10,39,4-3,-0.401632,0.011854745019880705,0.03659961964607415,0.013590678969741901
14589,4,3,5,70,0-0,-0.867818,0.011854745019880705,0.03659961964607415,0.02576434553294834
14595,9,2,6,64,4-3,0.762345,0.005826642007296648,0.031765010644784576,0.017149322202010955
14724,3,1,10,46,3-4,-0.197586,0.03386908499876763,0.03974394314988115,0.015998872235545296
14750,6,1,15,57,3-4,0.125547,0.034504702145227065,0.03653071949347159,0.025353194941850184
14805,5,3,9,74,0-0,-0.718661,0.034504702145227065,0.03653071949347159,0.027094471171157566
14848,20,3,14,21,3-4,2.348973,0.04024106073619201,0.03986718748264072,0.03299595400413321
14894,10,2,10,36,3-4,1.202949,0.04024106073619201,0.03986718748264072,0.020391913162059853
14897,10,3,13,29,0-0,0.224543,0.04024106073619201,0.03986718748264072,0.03299595400413321
14925,11,2,10,48,4-3,1.014844,0.02841837990600531,0.04269592179098982,0.017585476732687146
15094,8,3,11,65,0-0,-0.458025,0.0047349631703156175,0.02971657026358872,0.016495532680184298
15122,7,1,10,43,3-4,0.232567,0.046262635908784364,0.05799156209254766,0.01392352551969116
15149,5,2,3,68,4-3,0.163923,0.046262635908784364,0.05799156209254766,0.009153579223208497
15160,7,2,6,54,3-4,0.688034,0.0047349631703156175,0.02971657026358872,0.016495532680184298
15195,5,1,10,58,3-4,0.081712,0.0190038838273121,0.04132343770290404,0.015348706384714436
15199,5,2,3,28,3-4,0.274313,0.0190038838273121,0.04132343770290404,0.010617857547120982
15304,3,2,7,25,3-4,-0.223756,0.043873864767647694,0.039822578434078174,0.020742891988345846
15328,12,3,8,51,3-4,1.76696,0.007066130927046504,0.042331760004245836,0.016135235982972344
15359,4,1,10,61,0-0,-0.020287,0.04686992018389902,0.048033463686989276,0.013265183780960189
15372,61,3,5,61,3-4,5.108063,0.007066130927046504,0.042331760004245836,0.016043486133961376
15410,3,3,2,77,3-4,0.800621,0.007066130927046504,0.042331760004245836,0.022443703424465458
15413,13,3,7,71,3-4,1.903581,0.007066130927046504,0.042331760004245836,0.016043486133961376
15421,12,2,8,70,3-4,1.081721,0.007066130927046504,0.042331760004245836,0.018203808549942142
15475,6,2,10,66,3-4,-0.012886,0.009871877969661443,0.036718727402598135,0.028746563270300417
15555,16,3,10,75,4-3,2.136492,0.02841837990600531,0.04269592179098982,0.001843064518133755
15639,18,3,17,64,4-3,2.922852,0.02841837990600531,0.04269592179098982,-1.591821602657719e-4
15706,16,3,8,39,3-4,2.267599,0.04829315624473296,0.045690494697898404,0.028261013563882456
15722,24,3,3,68,0-0,2.14785,0.04829315624473296,0.045690494697898404,0.025583758583297322
15727,5,1,10,45,3-4,0.022277,0.04829315624473296,0.045690494697898404,0.03100961328017658
15837,5,1,10,70,3-4,0.045923,0.011854745019880705,0.03659961964607415,0.024196472063665375
15838,9,2,5,65,3-4,0.662134,0.011854745019880705,0.03659961964607415,0.024196472063665375
15873,4,2,5,59,3-4,0.171342,0.011854745019880705,0.03659961964607415,0.024576905813896845
15898,19,2,10,75,0-0,1.653399,0.011854745019880705,0.03659961964607415,0.01753738969440122
15975,13,3,9,49,0-0,2.011876,0.013113629576540367,0.029233425629286713,0.027018193486456718
15989,9,2,6,71,4-3,0.810995,0.04024106073619201,0.03986718748264072,0.025632117269614778
15990,9,1,10,62,4-3,0.626329,0.04024106073619201,0.03986718748264072,0.022341818961091605
16046,7,2,16,55,3-4,-0.082291,0.005826642007296648,0.031765010644784576,0.03811860199671755
16161,21,3,5,78,0-0,2.217137,0.009620583780923406,0.034712080305243136,0.027094471171157566
16178,5,2,3,53,3-4,0.469783,0.03386908499876763,0.03974394314988115,0.010767322799757022
16205,17,2,7,74,0-0,1.406272,0.009620583780923406,0.034712080305243136,0.01922513245444526
16212,9,4,4,40,0-0,-1.618315,0.009620583780923406,0.034712080305243136,0.017475939774143863
16240,7,2,17,64,0-0,-0.479392,0.009620583780923406,0.034712080305243136,0.017475939774143863
16249,18,3,7,51,3-4,2.038176,0.03386908499876763,0.03974394314988115,0.0325462143535824
16419,16,2,15,39,3-4,1.822016,0.0656582180798903,0.040371172852227945,0.015213849791509249
16432,3,2,10,56,4-3,-0.3652,0.0656582180798903,0.040371172852227945,0.031119002633395926
16465,9,2,10,59,0-0,0.832371,0.0656582180798903,0.040371172852227945,0.0314615050966328
16486,2,2,16,69,4-3,-0.866561,0.02730564513909665,0.03466522418023544,0.02714416543556349
16508,20,3,17,69,0-0,2.790726,0.0656582180798903,0.040371172852227945,0.033572613969981145
16805,7,2,9,72,3-4,0.133377,0.03386908499876763,0.03974394314988115,0.031766042131909325
16838,2,1,10,24,3-4,-0.259338,0.03386908499876763,0.03974394314988115,0.02671233527673305
16882,9,1,10,28,3-4,0.345354,0.03386908499876763,0.03974394314988115,0.02332718750059855
16917,12,3,11,21,3-4,1.299258,0.04024106073619201,0.03986718748264072,0.028223455013356585
16929,1,2,8,53,3-4,-0.624955,0.035524105404837164,0.036317746271247967,0.020491679444659294
16944,9,1,10,43,3-4,0.666262,0.04024106073619201,0.03986718748264072,0.03902816325627794
16950,25,1,10,71,3-4,1.368707,0.04024106073619201,0.03986718748264072,0.03293940604052398
17037,18,1,10,72,3-4,0.957677,0.04024106073619201,0.03986718748264072,0.03191841804463264
17038,20,1,10,54,3-4,1.187243,0.04024106073619201,0.03986718748264072,0.03293940604052398
17045,13,2,1,38,3-4,0.829491,0.007066130927046504,0.042331760004245836,5.226203828955316e-4
17112,5,3,20,74,0-0,-0.350754,0.04642580956145555,0.03904400711263111,0.015031577147773822
17136,1,3,6,56,4-3,-1.641546,0.007066130927046504,0.042331760004245836,0.002108483545559782
17162,19,3,8,78,3-4,2.31807,0.0656582180798903,0.040371172852227945,0.019572916591597978
17189,4,1,15,36,4-3,-0.080078,0.04829315624473296,0.045690494697898404,0.02069356410074037
17198,5,1,10,63,3-4,0.14224,0.0656582180798903,0.040371172852227945,0.019702306976274064
17214,18,1,10,28,0-0,0.85431,0.04829315624473296,0.045690494697898404,0.02565209073666811
17259,3,2,6,39,0-0,-0.16259,0.04829315624473296,0.045690494697898404,0.02565209073666811
17312,3,1,10,64,3-4,-0.153842,0.030967027012518366,0.03549909671984428,0.029663585358042664
17349,14,2,8,39,3-4,1.200924,0.030967027012518366,0.03549909671984428,0.025372184066017996
17387,13,4,6,71,0-0,2.978107,0.030967027012518366,0.03549909671984428,0.009677897890590292
17388,7,1,10,58,0-0,0.268267,0.030967027012518366,0.03549909671984428,0.013474819818033203
17420,5,3,9,75,3-4,-0.798158,0.034504702145227065,0.03653071949347159,0.01751482264208455
17429,6,2,8,43,4-3,0.172586,0.034504702145227065,0.03653071949347159,0.02968612313998884
17503,11,3,10,63,3-4,2.138351,0.034504702145227065,0.03653071949347159,0.019891720230106203
17572,1,3,11,27,0-0,-0.802523,0.03732296859373035,0.03967516837635983,0.04243505188421262
17588,12,1,10,71,0-0,0.655462,0.023141448544722432,0.04219553610623163,0.03768095337431037
17770,9,4,5,70,0-0,2.767805,0.015147672864145013,0.03651305666637595,0.03276573170553585
17878,39,3,3,75,4-3,2.875293,0.011854745019880705,0.03659961964607415,0.02432597228717849
17986,7,3,3,69,3-4,1.30498,0.02841837990600531,0.04269592179098982,0.026360953143257593
18192,2,3,3,69,3-4,-1.154723,0.033768230363296674,0.03717675303231835,0.01646751618928885
18214,11,2,17,51,4-3,0.246387,0.043873864767647694,0.039822578434078174,0.020039744996858014
18286,5,1,10,62,3-4,0.096511,0.005826642007296648,0.031765010644784576,0.007805381319773731
18381,1,2,2,72,4-3,-0.715177,0.046262635908784364,0.05799156209254766,0.02007213053060291
18527,1,1,10,28,4-3,-0.347168,0.0190038838273121,0.04132343770290404,0.02320205087117382
18547,2,2,8,69,0-0,-0.58349,0.007066130927046504,0.042331760004245836,0.018075684113758757
18550,8,2,5,36,3-4,0.742932,0.007066130927046504,0.042331760004245836,0.020896912257218424
18576,9,3,8,48,3-4,1.667191,0.007066130927046504,0.042331760004245836,0.017114456485376357
18578,5,2,14,43,3-4,-0.456412,0.007066130927046504,0.042331760004245836,0.013691565188301088
18591,0,2,10,40,4-3,-0.835702,0.0190038838273121,0.04132343770290404,0.018294741085933673
18614,5,1,20,28,3-4,0.315654,0.007066130927046504,0.042331760004245836,0.016364922134140016
18620,2,1,10,75,4-3,-0.376269,0.0190038838273121,0.04132343770290404,0.018333203423724343
18676,8,3,7,52,3-4,1.569677,0.009871877969661443,0.036718727402598135,0.023181653402339367
18760,22,3,11,59,3-4,2.921211,0.030967027012518366,0.03549909671984428,0.022507139039407546
18814,6,2,3,22,4-3,0.428189,0.04024106073619201,0.03986718748264072,0.008915800005869766
18839,2,1,10,39,3-4,-0.367985,0.030967027012518366,0.03549909671984428,0.03432966887838651
18878,6,1,10,36,3-4,0.179661,0.030967027012518366,0.03549909671984428,0.035094728995422854
18967,4,2,14,38,4-3,-0.219947,0.005826642007296648,0.031765010644784576,0.016300499160675833
19084,23,1,10,45,4-3,1.186121,0.046262635908784364,0.05799156209254766,0.027846709665011758
19125,6,1,10,75,3-4,0.3279,0.013113629576540367,0.029233425629286713,0.024622691761783718
19155,6,2,9,24,3-4,0.126252,0.013113629576540367,0.029233425629286713,0.026570195695980032
19269,4,3,5,59,0-0,-0.648581,0.01625963808332278,0.0361047542210841,0.032603073203646186
19309,2,1,10,52,4-3,-0.307684,0.01625963808332278,0.0361047542210841,0.025447723618221566
19311,7,3,1,43,4-3,0.469907,0.01625963808332278,0.0361047542210841,0.031026490956294242
19394,1,2,6,58,4-3,-0.596739,0.034504702145227065,0.03653071949347159,0.0058935679163975956
19614,2,2,9,36,3-4,-0.276023,0.0656582180798903,0.040371172852227945,0.01646751618928885
19703,7,2,8,62,3-4,0.524497,0.043873864767647694,0.039822578434078174,0.017433308268570376
19713,6,1,10,57,0-0,0.123283,0.0656582180798903,0.040371172852227945,0.01646751618928885
19716,16,1,10,33,0-0,0.976759,0.0656582180798903,0.040371172852227945,0.006048104485097418
19761,11,3,6,43,3-4,1.630763,0.03191924748466482,0.034528580581803595,0.028223455013356585
19768,4,1,10,59,3-4,-0.049685,0.03191924748466482,0.034528580581803595,0.029817734844364986
20035,4,2,3,68,3-4,0.119601,0.009620583780923406,0.034712080305243136,0.018741489062654125
20046,3,1,10,61,4-3,-0.128216,0.009620583780923406,0.034712080305243136,0.027787530170601808
20120,21,2,10,44,3-4,1.564308,0.04024106073619201,0.03986718748264072,0.0014266810023984783
20134,5,2,6,38,4-3,0.276349,0.04024106073619201,0.03986718748264072,0.002108483545559782
20158,5,2,10,48,4-3,-0.269461,0.04024106073619201,0.03986718748264072,0.005258476349937213
20197,8,2,9,74,4-3,0.558409,0.04024106073619201,0.03986718748264072,0.0064518293195412885
20292,8,1,10,49,0-0,0.400799,0.034504702145227065,0.03653071949347159,0.02781434662957219
20298,5,2,9,74,3-4,-0.056265,0.03191924748466482,0.034528580581803595,0.013914702927848395
20528,2,1,10,75,3-4,-0.359615,0.015147672864145013,0.03651305666637595,0.036090435708350695
20577,6,2,7,44,3-4,0.438085,0.015147672864145013,0.03651305666637595,0.02018167321227358
20634,17,1,10,48,3-4,1.006547,0.030967027012518366,0.03549909671984428,0.029689319312359862
20774,8,1,10,75,3-4,0.801611,0.020395248825219717,0.05300431051629475,0.015340464562132887
20778,10,3,10,61,0-0,2.102131,0.020395248825219717,0.05300431051629475,0.019572916591597978
20802,11,1,10,29,3-4,0.660016,0.020395248825219717,0.05300431051629475,0.028913907235600087
20825,12,2,10,25,3-4,1.032884,0.020395248825219717,0.05300431051629475,0.028913907235600087
20906,5,3,11,76,0-0,-0.708897,0.0047349631703156175,0.02971657026358872,0.016135235982972344
20961,4,1,10,29,0-0,-0.07216,0.0047349631703156175,0.02971657026358872,0.007208773488857612
20974,2,2,10,75,4-3,-0.472205,0.04686992018389902,0.048033463686989276,0.010786819789023178
20975,3,3,8,73,3-4,-0.991735,0.04686992018389902,0.048033463686989276,0.02360378840443516
21074,6,3,7,72,4-3,-0.511364,0.007066130927046504,0.042331760004245836,0.011853977342424823
21111,13,2,10,64,3-4,1.26998,0.03796216075595333,0.03446802007773319,0.030118220647639374
21155,4,2,8,58,3-4,-0.235478,0.03796216075595333,0.03446802007773319,0.027547166962605136
21157,13,1,10,42,3-4,0.675981,0.03796216075595333,0.03446802007773319,0.02578501237821118
21208,4,3,4,55,0-0,0.954173,0.02730564513909665,0.03466522418023544,0.03134995244049478
21396,6,3,6,28,0-0,1.276379,0.009620583780923406,0.034712080305243136,0.01640874672730884
21431,23,1,10,75,0-0,1.303375,0.043873864767647694,0.039822578434078174,0.0237415065830427
21478,6,2,4,58,3-4,0.273651,0.03386908499876763,0.03974394314988115,0.03100961328017658
21516,7,2,5,70,3-4,0.560085,0.02954692254945959,0.037711463390559655,0.019775381789539165
21569,18,2,17,54,3-4,1.819178,0.03386908499876763,0.03974394314988115,0.016655090625951323
21616,6,1,10,69,3-4,0.296596,0.0656582180798903,0.040371172852227945,0.018710715757178687
21618,10,1,10,54,3-4,0.545457,0.0656582180798903,0.040371172852227945,0.02354281018869022
21625,13,3,5,55,4-3,1.617648,0.01625963808332278,0.0361047542210841,0.02883786070821191
21644,10,3,9,74,0-0,1.791361,0.01625963808332278,0.0361047542210841,0.01642656805792748
21712,4,1,10,61,4-3,-0.020287,0.01625963808332278,0.0361047542210841,0.024710633531975026
21744,10,3,11,65,4-3,0.352833,0.03732296859373035,0.03967516837635983,0.02302870560217991
21814,9,2,10,43,4-3,0.625656,0.03732296859373035,0.03967516837635983,0.023561434367935296
21824,1,2,3,32,4-3,-0.382706,0.03732296859373035,0.03967516837635983,0.023199519188176816
21845,24,3,10,75,0-0,2.710555,0.046262635908784364,0.05799156209254766,0.029707670594819675
21875,42,3,2,45,3-4,3.205426,0.046262635908784364,0.05799156209254766,0.024428191822501347
21886,2,1,10,24,3-4,-0.247915,0.046262635908784364,0.05799156209254766,0.023868477619690208
21930,9,2,4,68,3-4,0.520557,0.046262635908784364,0.05799156209254766,0.020724069913669697
21948,10,2,9,67,3-4,0.957401,0.046262635908784364,0.05799156209254766,0.024151487731572198
21971,8,1,20,45,4-3,-0.319815,0.023141448544722432,0.04219553610623163,0.012177177034013479
21978,9,3,5,33,4-3,1.288623,0.023141448544722432,0.04219553610623163,0.020005355042590028
22018,5,2,4,27,4-3,0.462647,0.023141448544722432,0.04219553610623163,0.015260942168442456
22025,6,2,4,53,0-0,0.454891,0.011854745019880705,0.03659961964607415,0.03355342145972668
22085,14,2,17,40,0-0,1.044444,0.011854745019880705,0.03659961964607415,0.04295659064405559
22156,7,2,18,49,0-0,-0.457927,0.04024106073619201,0.03986718748264072,0.028854698191850662
22196,5,3,6,28,3-4,-0.127268,0.02520849962944511,0.029556172413161892,0.03689957105942675
22255,5,1,10,44,0-0,0.003176,0.023141448544722432,0.04219553610623163,0.016518942403012594
22334,9,1,10,68,3-4,0.983178,0.020395248825219717,0.05300431051629475,0.01885326233161072
22397,14,2,10,78,3-4,1.569331,0.020395248825219717,0.05300431051629475,0.018514756212210104
22428,3,1,10,26,3-4,-0.151058,0.020395248825219717,0.05300431051629475,0.016373911203682666
22435,17,1,10,66,0-0,0.982937,0.015147672864145013,0.03651305666637595,0.030783376248549068
22436,4,1,10,49,0-0,-0.086312,0.015147672864145013,0.03651305666637595,0.03749737413346404
22444,1,1,10,29,3-4,-0.355629,0.007066130927046504,0.042331760004245836,0.02433921658872944
22446,6,3,9,28,3-4,-0.316757,0.007066130927046504,0.042331760004245836,0.02433921658872944
22506,1,2,11,58,3-4,-0.877191,0.007066130927046504,0.042331760004245836,0.019613423575192357
22578,2,1,10,51,3-4,-0.318321,0.04829315624473296,0.045690494697898404,0.0014266810023984783
22634,8,2,9,64,3-4,0.666136,0.04829315624473296,0.045690494697898404,0.002108483545559782
22636,12,4,1,56,3-4,2.506386,0.04829315624473296,0.045690494697898404,0.002108483545559782
22770,11,2,17,36,4-3,0.746005,0.030967027012518366,0.03549909671984428,0.028803898634216892
22831,8,2,13,27,4-3,0.003957,0.035524105404837164,0.036317746271247967,0.01792230802144104
22842,11,3,9,73,4-3,1.995583,0.035524105404837164,0.036317746271247967,0.01602258591006968
22940,9,2,7,72,4-3,0.998237,0.034504702145227065,0.03653071949347159,0.0249882323039278
22975,10,3,7,23,0-0,1.444555,0.034504702145227065,0.03653071949347159,0.028848127351373872
23021,1,3,2,77,4-3,-1.264549,0.034504702145227065,0.03653071949347159,0.020434460302051455
23022,7,1,10,74,3-4,0.502057,0.005826642007296648,0.031765010644784576,0.005762861494490239
23061,8,2,13,65,4-3,0.30776,0.034504702145227065,0.03653071949347159,0.02007213053060291
23097,17,1,10,60,3-4,0.986165,0.02730564513909665,0.03466522418023544,0.019821608650320503
23101,8,4,7,40,3-4,2.765877,0.02730564513909665,0.03466522418023544,0.015683163408962912
23209,4,1,10,39,3-4,-0.166431,0.03386908499876763,0.03974394314988115,0.01692171558834778
23240,6,2,9,63,3-4,0.132567,0.01625963808332278,0.0361047542210841,0.025593435586417385
23251,3,1,10,30,3-4,-0.161516,0.01625963808332278,0.0361047542210841,0.025873984263844678
23262,4,2,10,71,3-4,-0.329672,0.01625963808332278,0.0361047542210841,0.03356880938145564
23272,2,3,6,71,0-0,-1.102979,0.01625963808332278,0.0361047542210841,0.027094471171157566
23281,5,2,5,50,3-4,0.510228,0.01625963808332278,0.0361047542210841,0.015974904189403682
23302,14,4,2,49,3-4,2.898409,0.01625963808332278,0.0361047542210841,0.0239866321306969
23464,8,1,10,74,3-4,0.846838,0.03796216075595333,0.03446802007773319,0.02571737374261792
23477,8,3,12,67,4-3,-0.533875,0.03796216075595333,0.03446802007773319,0.02105455222717804
23483,6,2,10,43,3-4,-0.020704,0.0656582180798903,0.040371172852227945,0.0326533973132883
23539,5,1,18,27,3-4,0.283344,0.03796216075595333,0.03446802007773319,0.02571737374261792
23554,2,2,7,34,4-3,-0.288992,0.03796216075595333,0.03446802007773319,0.03129712554796857
23864,1,1,10,31,3-4,-0.371471,0.03732296859373035,0.03967516837635983,0.022301974125561952
23977,6,1,10,45,3-4,0.164083,0.01625963808332278,0.0361047542210841,0.02607999622444634
24015,4,3,5,53,3-4,-0.353801,0.02954692254945959,0.037711463390559655,0.014166886989668214
24028,1,1,10,49,3-4,-0.427004,0.02954692254945959,0.037711463390559655,0.01692171558834778
24097,16,3,15,75,4-3,2.629095,0.04024106073619201,0.03986718748264072,0.011853977342424823
24117,5,3,6,66,4-3,-0.946786,0.04024106073619201,0.03986718748264072,0.017884111985918882
24120,11,1,10,40,4-3,0.78352,0.04024106073619201,0.03986718748264072,0.009700166880460014
24226,8,3,3,23,0-0,1.314771,0.03796216075595333,0.03446802007773319,0.04067440889568752
24232,9,3,8,56,0-0,1.727,0.030967027012518366,0.03549909671984428,0.03134995244049478
24268,6,3,4,65,4-3,1.281597,0.030967027012518366,0.03549909671984428,0.026995082840170024
24405,3,3,4,69,3-4,-1.030715,0.03191924748466482,0.034528580581803595,0.025703207508101025
24411,2,1,10,75,3-4,-0.359615,0.0047349631703156175,0.02971657026358872,0.035201524584879455
24433,9,1,10,77,4-3,1.089892,0.03191924748466482,0.034528580581803595,0.018811108293535207
24518,1,2,7,73,3-4,-0.64462,0.04642580956145555,0.03904400711263111,0.04167740949730993
24604,8,3,6,67,0-0,1.517716,0.046262635908784364,0.05799156209254766,0.010419554386182105
24611,2,1,10,75,3-4,-0.376269,0.034504702145227065,0.03653071949347159,0.020178776013592397
24672,6,4,5,70,3-4,2.825433,0.034504702145227065,0.03653071949347159,0.016495532680184298
24694,8,3,1,66,3-4,0.99165,0.034504702145227065,0.03653071949347159,0.01529264853171164
24699,32,4,15,51,3-4,4.782355,0.034504702145227065,0.03653071949347159,0.021372856330482262
24704,3,1,10,77,4-3,-0.272463,0.023141448544722432,0.04219553610623163,0.02864672737364567
24705,13,2,7,74,3-4,1.267156,0.023141448544722432,0.04219553610623163,0.0270606715630021
24711,1,3,2,67,4-3,-1.188964,0.020395248825219717,0.05300431051629475,0.03904695366438439
24732,11,2,16,49,0-0,0.302292,0.020395248825219717,0.05300431051629475,0.04243505188421262
24733,4,3,5,38,0-0,-0.395186,0.020395248825219717,0.05300431051629475,0.04295659064405559
24747,9,1,10,32,0-0,0.447318,0.020395248825219717,0.05300431051629475,0.04122087244224445
24920,7,3,10,65,0-0,-0.346594,0.04829315624473296,0.045690494697898404,0.030449473043406658
25016,5,1,10,65,3-4,0.088402,0.04686992018389902,0.048033463686989276,0.010267345134761633
25025,14,1,10,62,3-4,0.838922,0.04686992018389902,0.048033463686989276,0.007331279563834454
25034,9,2,8,53,3-4,0.944722,0.04686992018389902,0.048033463686989276,0.010267345134761633
25048,10,3,8,30,0-0,1.547378,0.043873864767647694,0.039822578434078174,0.019705204986459033
25111,5,1,10,46,3-4,0.00551,0.03386908499876763,0.03974394314988115,0.04240103768133652
25124,13,2,10,45,3-4,1.360371,0.03386908499876763,0.03974394314988115,0.04240103768133652
25138,26,2,10,50,3-4,1.883351,0.009871877969661443,0.036718727402598135,0.009464211832850643
25259,1,3,5,39,0-0,-0.863581,0.02535778839844347,0.032744063197543756,0.02607160084069942
25383,19,2,10,38,0-0,1.839877,0.015147672864145013,0.03651305666637595,0.01642656805792748
25450,3,1,10,59,3-4,-0.113666,0.009620583780923406,0.034712080305243136,0.028189512403790383
25498,2,2,9,21,3-4,-0.387769,0.009620583780923406,0.034712080305243136,0.020009775212757125
25563,5,4,13,68,0-0,-2.302424,0.009620583780923406,0.034712080305243136,0.023183780035307334
25606,18,3,13,57,4-3,3.078789,0.03386908499876763,0.03974394314988115,0.030574839432188215
25679,1,3,1,66,3-4,0.527357,0.033768230363296674,0.03717675303231835,0.021675576936926053
25721,3,1,10,75,3-4,-0.233178,0.009871877969661443,0.036718727402598135,0.02696406919865983
25808,4,2,3,76,3-4,0.247974,0.007066130927046504,0.042331760004245836,0.01963609858642321
25809,7,1,10,72,3-4,0.526801,0.007066130927046504,0.042331760004245836,0.01963609858642321
25830,15,3,4,69,3-4,1.741349,0.007066130927046504,0.042331760004245836,0.01963609858642321
25834,39,2,27,48,3-4,4.263401,0.007066130927046504,0.042331760004245836,0.016495532680184298
25863,1,2,6,71,3-4,-0.673955,0.007066130927046504,0.042331760004245836,0.015753079252805197
25891,5,1,10,41,3-4,-0.039984,0.046262635908784364,0.05799156209254766,0.008012399359117834
25894,3,4,3,34,4-3,1.679453,0.046262635908784364,0.05799156209254766,0.016043676375599503
25978,12,2,2,36,3-4,0.709474,0.0656582180798903,0.040371172852227945,0.029692690477932673
26013,4,1,10,75,4-3,-0.063134,0.0047349631703156175,0.02971657026358872,0.018714475961417988
26033,14,3,4,45,3-4,1.582019,0.0656582180798903,0.040371172852227945,0.03751174740951478
26145,1,3,7,78,4-3,-1.068289,0.03191924748466482,0.034528580581803595,0.02154543074368727
26172,11,1,10,50,0-0,-4.29666,0.04829315624473296,0.045690494697898404,0.027965906438390465
26319,1,2,7,72,3-4,-0.60653,0.009620583780923406,0.034712080305243136,0.014566075546039996
26435,1,3,13,78,0-0,-0.528878,0.02730564513909665,0.03466522418023544,0.004108825915529171
26454,8,2,6,57,4-3,0.749727,0.02730564513909665,0.03466522418023544,0.015889066711764096
26743,5,2,4,58,4-3,0.327206,0.02520849962944511,0.029556172413161892,0.016655090625951323
26886,7,2,9,68,4-3,0.140688,0.04686992018389902,0.048033463686989276,0.025403309961276065
26987,3,1,10,68,4-3,-0.212041,0.020395248825219717,0.05300431051629475,0.021544423167880276
27001,9,3,6,24,0-0,1.387234,0.020395248825219717,0.05300431051629475,0.027554824506999524
27028,17,3,7,45,3-4,2.229459,0.030967027012518366,0.03549909671984428,0.023181653402339367
27082,1,1,10,31,3-4,-0.371471,0.011854745019880705,0.03659961964607415,0.04167740949730993
27180,1,4,15,45,0-0,-1.910174,0.035524105404837164,0.036317746271247967,0.02449953095747584
27242,7,1,10,46,4-3,0.255191,0.0190038838273121,0.04132343770290404,0.033826642651059745
27299,5,2,5,67,3-4,0.469463,0.0190038838273121,0.04132343770290404,0.03685166949993031
27336,18,2,4,67,0-0,1.118907,0.0190038838273121,0.04132343770290404,0.04402301953182843
27408,9,1,10,61,3-4,0.614686,0.034504702145227065,0.03653071949347159,0.028848127351373872
27414,10,3,15,42,0-0,0.673764,0.034504702145227065,0.03653071949347159,0.02576434553294834
27423,15,3,1,49,3-4,1.073463,0.005826642007296648,0.031765010644784576,0.0056867159066677124
27591,13,1,10,38,4-3,0.722633,0.04829315624473296,0.045690494697898404,0.01935025700180697
27593,9,2,9,24,4-3,0.928192,0.04829315624473296,0.045690494697898404,0.03240166386128494
27649,14,2,23,55,3-4,0.488676,0.013113629576540367,0.029233425629286713,0.025672148589269136
27662,6,2,1,66,4-3,-0.116557,0.04829315624473296,0.045690494697898404,0.03240166386128494
27679,9,1,10,56,3-4,0.646757,0.013113629576540367,0.029233425629286713,0.004347335782979142
27682,2,2,14,42,3-4,-0.755356,0.013113629576540367,0.029233425629286713,0.02154543074368727
27683,6,3,12,40,3-4,-0.035628,0.013113629576540367,0.029233425629286713,0.015046477879419335
27711,5,3,10,49,0-0,-0.66156,0.0190038838273121,0.04132343770290404,0.0228297195508331
27896,14,1,10,26,3-4,0.725073,0.04642580956145555,0.03904400711263111,0.04063042999496165
27926,7,1,10,64,4-3,0.508478,0.007066130927046504,0.042331760004245836,0.03689957105942675
27937,10,3,6,43,4-3,1.574258,0.04024106073619201,0.03986718748264072,0.018294741085933673
27969,15,1,10,66,3-4,0.836804,0.04024106073619201,0.03986718748264072,0.009471213516510958
27984,11,3,1,44,4-3,0.701691,0.04024106073619201,0.03986718748264072,0.016143228815635645
28266,5,4,4,69,0-0,2.510022,0.03386908499876763,0.03974394314988115,0.024710633531975026
28279,9,1,10,49,0-0,0.459131,0.03386908499876763,0.03974394314988115,0.024710633531975026
28311,10,1,10,49,3-4,0.475212,0.034504702145227065,0.03653071949347159,0.04205667890860322
28327,14,1,10,33,3-4,0.84899,0.034504702145227065,0.03653071949347159,0.02350380137692399
28357,2,1,10,58,3-4,-0.198691,0.034504702145227065,0.03653071949347159,0.025394626676523917
28405,8,3,10,35,0-0,-0.100082,0.034504702145227065,0.03653071949347159,0.03022030421617997
28426,5,3,3,41,0-0,0.938128,0.03796216075595333,0.03446802007773319,0.02332520331508784
28552,4,3,3,68,0-0,1.059012,0.0047349631703156175,0.02971657026358872,0.021200985087324514
28601,12,2,11,53,0-0,1.181764,0.02730564513909665,0.03466522418023544,0.022565331308222237
28789,13,3,5,70,3-4,1.743729,0.03191924748466482,0.034528580581803595,0.015683163408962912
28796,10,2,9,31,3-4,1.089791,0.03191924748466482,0.034528580581803595,0.020178776013592397
28848,1,1,10,34,3-4,-0.436003,0.046262635908784364,0.05799156209254766,0.032476949158540824
28920,9,2,10,38,0-0,0.53445,0.02954692254945959,0.037711463390559655,0.026296506324376207
28943,6,1,10,31,3-4,0.268146,0.023141448544722432,0.04219553610623163,0.023126071944030532
28949,4,3,14,59,0-0,-0.438762,0.02954692254945959,0.037711463390559655,0.037750907541771336
29060,7,3,8,44,0-0,-0.004086,0.02841837990600531,0.04269592179098982,0.026353614051762335
29196,15,2,14,68,0-0,1.51372,0.015147672864145013,0.03651305666637595,0.010284442464717772
29211,2,2,5,29,3-4,-0.544268,0.01625963808332278,0.0361047542210841,0.009066602266217012
29292,3,3,10,41,0-0,-0.814244,0.009620583780923406,0.034712080305243136,0.034372155708326156
29561,7,1,10,32,3-4,0.456206,0.02730564513909665,0.03466522418023544,0.025233326073333135
29595,9,3,1,48,0-0,0.703869,0.03191924748466482,0.034528580581803595,0.02140465095651075
29683,5,2,5,45,0-0,0.443808,0.0190038838273121,0.04132343770290404,0.017058540879526973
29697,3,2,10,48,3-4,-0.519533,0.009620583780923406,0.034712080305243136,0.019522089456131
29725,4,1,10,28,3-4,-0.082944,0.009620583780923406,0.034712080305243136,0.017114456485376357
29809,10,2,10,63,4-3,1.042652,0.020395248825219717,0.05300431051629475,0.04295659064405559
29811,4,2,10,53,3-4,-0.277873,0.020395248825219717,0.05300431051629475,0.04000206998698437
29854,3,3,6,36,0-0,-0.687329,0.020395248825219717,0.05300431051629475,0.04295659064405559
29926,60,3,4,69,3-4,3.88662,0.007066130927046504,0.042331760004245836,0.002108483545559782
29985,2,3,7,72,3-4,-1.022113,0.007066130927046504,0.042331760004245836,-0.002850618643271333
30008,6,2,2,52,4-3,0.414957,0.007066130927046504,0.042331760004245836,-0.0011391501126982837
30064,7,3,8,73,0-0,-0.478304,0.0047349631703156175,0.02971657026358872,0.019408320293560512
30100,11,1,10,52,3-4,0.555879,0.0047349631703156175,0.02971657026358872,0.030296136300917022
30103,13,3,20,51,4-3,0.151649,0.0047349631703156175,0.02971657026358872,0.025907273157828446
30231,2,3,10,75,0-0,-1.003352,0.0656582180798903,0.040371172852227945,0.0128787081188182
30237,3,1,10,53,3-4,-0.181521,0.0656582180798903,0.040371172852227945,0.009999145911441737
30289,6,3,7,72,0-0,-0.511364,0.04686992018389902,0.048033463686989276,0.023228263924218312
30412,8,1,20,75,0-0,0.028318,0.011854745019880705,0.03659961964607415,0.013334704898917799
30421,5,2,5,53,4-3,0.512572,0.034504702145227065,0.03653071949347159,0.0214985506904196
30437,13,2,9,44,4-3,1.319796,0.034504702145227065,0.03653071949347159,0.0214985506904196
30454,7,3,5,44,4-3,1.395135,0.034504702145227065,0.03653071949347159,0.018907993396396088
30750,11,2,10,51,3-4,1.075815,0.009871877969661443,0.036718727402598135,0.02065914376340564
30825,5,2,10,51,3-4,-0.229765,0.030967027012518366,0.03549909671984428,0.014507863847887421
30847,4,1,10,39,4-3,-0.060195,0.005826642007296648,0.031765010644784576,0.015991117001903494
30856,3,3,4,48,3-4,-0.496547,0.030967027012518366,0.03549909671984428,0.009036919000926014
30884,5,2,7,29,4-3,-0.173076,0.02954692254945959,0.037711463390559655,0.0320766041283357
31078,1,1,10,41,4-3,-0.443341,0.03386908499876763,0.03974394314988115,0.018213769155248607
31110,3,1,10,75,4-3,-0.233178,0.03386908499876763,0.03974394314988115,0.026845665075076016
31165,19,3,11,63,0-0,2.731729,0.035524105404837164,0.036317746271247967,0.024858904058900663
31214,18,1,10,48,3-4,0.882883,0.035524105404837164,0.036317746271247967,0.020549499597886885
31334,3,1,15,66,3-4,-0.369137,0.01625963808332278,0.0361047542210841,0.013949791997069215
31500,2,2,4,69,3-4,-0.639306,0.04024106073619201,0.03986718748264072,0.028189512403790383
31536,6,1,10,28,0-0,0.240036,0.04024106073619201,0.03986718748264072,0.02332520331508784
31537,7,2,4,22,0-0,0.573324,0.04024106073619201,0.03986718748264072,0.02332520331508784
31611,6,1,10,66,3-4,0.310598,0.007066130927046504,0.042331760004245836,0.030142985130951795
31687,2,2,15,32,4-3,-0.376409,0.035524105404837164,0.036317746271247967,0.0207092516827085
31691,1,1,10,57,3-4,-0.346046,0.007066130927046504,0.042331760004245836,0.012731130362091954
31730,6,2,8,65,4-3,0.084357,0.03796216075595333,0.03446802007773319,0.029799288306014523
31919,6,2,10,74,3-4,0.032297,0.04642580956145555,0.03904400711263111,0.027454519015478483
31921,6,1,10,75,3-4,0.355489,0.02841837990600531,0.04269592179098982,0.001816327253880942
31946,2,3,6,64,3-4,-1.282662,0.02841837990600531,0.04269592179098982,-0.002850618643271333
31982,6,3,17,25,4-3,0.089889,0.0047349631703156175,0.02971657026358872,0.023652406270543658
32083,4,3,11,40,3-4,-0.459278,0.011854745019880705,0.03659961964607415,0.02360378840443516
32154,11,2,6,55,3-4,0.940704,0.02730564513909665,0.03466522418023544,0.028210685630401917
32327,2,1,10,68,3-4,-0.297804,0.04686992018389902,0.048033463686989276,0.029548128626832787
32381,3,1,10,64,4-3,-0.153842,0.009871877969661443,0.036718727402598135,0.021160104754712823
32426,11,3,3,73,4-3,1.391885,0.009871877969661443,0.036718727402598135,0.02731299687851079
32447,13,2,13,58,0-0,1.543739,0.009871877969661443,0.036718727402598135,0.02623995307042099
32488,1,1,10,39,3-4,-0.448968,0.046262635908784364,0.05799156209254766,0.007847832930359226
32501,8,2,7,77,3-4,1.028304,0.046262635908784364,0.05799156209254766,0.007847832930359226
32506,3,2,1,50,3-4,-0.066295,0.046262635908784364,0.05799156209254766,0.008827615130669188
32512,8,1,10,75,3-4,0.801611,0.034504702145227065,0.03653071949347159,0.015683163408962912
32531,3,1,10,60,3-4,-0.114194,0.046262635908784364,0.05799156209254766,0.009777361405909376
32636,1,2,10,32,3-4,-0.420789,0.023141448544722432,0.04219553610623163,0.022216063500319502
32666,7,1,10,75,3-4,0.534373,0.030967027012518366,0.03549909671984428,0.03589030976566252
32673,1,1,10,62,3-4,-0.393624,0.030967027012518366,0.03549909671984428,0.04295659064405559
32697,6,3,12,75,0-0,-0.499842,0.030967027012518366,0.03549909671984428,0.04295659064405559
32725,2,3,6,75,0-0,-1.086804,0.03191924748466482,0.034528580581803595,0.013550855314746852
32728,10,2,5,33,3-4,0.884626,0.005826642007296648,0.031765010644784576,0.036007993557262835
32744,9,3,4,76,0-0,1.530726,0.005826642007296648,0.031765010644784576,0.02548386300121024
32754,8,3,4,77,0-0,1.456664,0.005826642007296648,0.031765010644784576,0.02781434662957219
32768,9,3,10,26,0-0,0.009683,0.03191924748466482,0.034528580581803595,0.013550855314746852
32811,1,3,2,46,4-3,-0.940757,0.03191924748466482,0.034528580581803595,0.020104050354346637
32871,2,1,10,75,3-4,-0.376269,0.015147672864145013,0.03651305666637595,0.01720935312304789
32938,4,3,7,72,3-4,-0.836757,0.043873864767647694,0.039822578434078174,0.012268114381893729
32965,8,2,6,61,4-3,0.61022,0.02954692254945959,0.037711463390559655,0.014727854322445342
32967,10,2,12,55,4-3,0.672503,0.02954692254945959,0.037711463390559655,0.018459973040486785
32989,10,1,10,53,3-4,0.526773,0.02954692254945959,0.037711463390559655,0.014727854322445342
32991,5,2,7,40,0-0,0.068582,0.02954692254945959,0.037711463390559655,0.01642656805792748
33008,2,2,12,32,0-0,-0.265493,0.0656582180798903,0.040371172852227945,0.028261013563882456
33009,14,3,10,30,0-0,1.857219,0.0656582180798903,0.040371172852227945,0.021954485514338245
33016,5,1,10,75,4-3,0.145501,0.02954692254945959,0.037711463390559655,0.024114103398996584
33018,5,3,1,66,4-3,0.894151,0.02954692254945959,0.037711463390559655,0.024114103398996584
33031,7,1,10,72,4-3,0.526801,0.02954692254945959,0.037711463390559655,0.02329354465305664
33094,8,2,6,45,3-4,0.718672,0.03386908499876763,0.03974394314988115,0.004694704901871881
33095,9,1,10,37,3-4,0.8326,0.03386908499876763,0.03974394314988115,7.189032100202323e-4
33146,10,1,10,67,3-4,0.48386,0.01625963808332278,0.0361047542210841,0.01772409686970508
33208,13,1,10,40,0-0,0.90391,0.033768230363296674,0.03717675303231835,0.027854381183652226
33288,9,3,7,64,4-3,1.641312,0.009620583780923406,0.034712080305243136,0.019311612442686314
